{
  "meta": {
    "version": "2.4-borsapy-v3",
    "calibration_date": "2026-05-22",
    "n_cases": 249,
    "n_total_vakalar": 271,
    "n_failures": 22,
    "data_source": "vakalar_v3.csv (3 sources) + borsapy + XU100",
    "source_distribution": {
      "vakalar.csv": 45,
      "kap_tedbir": 172,
      "spk_api": 32
    },
    "dimensions": [
      "pump_duration",
      "volume_surge",
      "pump_rate",
      "dump_rate",
      "post_peak_volume",
      "rsi_max",
      "zscore_max",
      "pump_orani",
      "streak_max",
      "gini_hacim",
      "excess_pump_return",
      "excess_dump_severity"
    ],
    "description": "12-dimensional enhanced pump-dump fingerprint. Pipeline 2 (5 dims: pump_duration/volume_surge/pump_rate/dump_rate/post_peak_volume) + Pipeline 1 (5 dims: rsi_max/zscore_max/pump_orani/streak_max/gini_hacim) + Relative (2 dims: excess_pump_return/excess_dump_severity)."
  },
  "distributions": {
    "pump_duration": {
      "mean": 5.72289156626506,
      "std": 3.460537622593961,
      "p10": 2.0,
      "p25": 3.0,
      "p50": 5.0,
      "p75": 7.0,
      "p90": 9.0,
      "min": 0.0,
      "max": 29.0,
      "n": 249
    },
    "volume_surge": {
      "mean": 1.4679748162541932,
      "std": 1.291268860326611,
      "p10": 0.7322274714743372,
      "p25": 0.9011315419690925,
      "p50": 1.1585007715999034,
      "p75": 1.5672715664508796,
      "p90": 2.4983722139525644,
      "min": 0.13093246793573934,
      "max": 16.19528307521988,
      "n": 249
    },
    "pump_rate": {
      "mean": 0.01278987523745754,
      "std": 0.013391621317444983,
      "p10": 0.002577431349496664,
      "p25": 0.005193410350296936,
      "p50": 0.00957061486409873,
      "p75": 0.015171731072855188,
      "p90": 0.025002886242041635,
      "min": 0.0,
      "max": 0.09947089947089961,
      "n": 249
    },
    "dump_rate": {
      "mean": -0.016906965441821672,
      "std": 0.02403976361123016,
      "p10": -0.050168069482506336,
      "p25": -0.02164096717022316,
      "p50": -0.007062552952003835,
      "p75": -0.0023245990880071165,
      "p90": 0.0,
      "min": -0.09991876523151912,
      "max": 0.0005440283097399678,
      "n": 249
    },
    "post_peak_volume": {
      "mean": 1.5587644134276506,
      "std": 2.795021357107567,
      "p10": 0.38609346984288495,
      "p25": 0.6173586274090342,
      "p50": 1.0,
      "p75": 1.5776685666219972,
      "p90": 2.617316830992121,
      "min": 0.0497840982823769,
      "max": 29.29921163248233,
      "n": 249
    },
    "rsi_max": {
      "mean": 85.98244861813242,
      "std": 10.094412865568732,
      "p10": 73.31928800503601,
      "p25": 78.61271676300574,
      "p50": 87.33719247467438,
      "p75": 93.85470719458154,
      "p90": 97.77387120651368,
      "min": 36.46863793309435,
      "max": 99.84779299847793,
      "n": 249
    },
    "zscore_max": {
      "mean": 2.8584354094912263,
      "std": 0.7892519498125505,
      "p10": 2.0240743820485463,
      "p25": 2.331148307883646,
      "p50": 2.7696375740194865,
      "p75": 3.2364115201441956,
      "p90": 3.7169442766414287,
      "min": 1.5309313547858203,
      "max": 6.748684813552642,
      "n": 249
    },
    "pump_orani": {
      "mean": 1.6986906409131175,
      "std": 0.8924359786350281,
      "p10": 1.0780474512798488,
      "p25": 1.1536912751677852,
      "p50": 1.4062850729517398,
      "p75": 1.9000000005379785,
      "p90": 2.6272484666504763,
      "min": 1.0,
      "max": 7.133891492329149,
      "n": 249
    },
    "streak_max": {
      "mean": 6.257028112449799,
      "std": 3.0344461954228454,
      "p10": 3.0,
      "p25": 4.0,
      "p50": 6.0,
      "p75": 7.0,
      "p90": 9.0,
      "min": 2.0,
      "max": 29.0,
      "n": 249
    },
    "gini_hacim": {
      "mean": 0.42067700421451476,
      "std": 0.12698168521566894,
      "p10": 0.2751096004284123,
      "p25": 0.32844003834203717,
      "p50": 0.4009655075581051,
      "p75": 0.47725686375923115,
      "p90": 0.6122201189305495,
      "min": 0.20471419867460927,
      "max": 0.8091092255867329,
      "n": 249
    },
    "excess_pump_return": {
      "mean": 0.6050859020021337,
      "std": 0.8569445893204075,
      "p10": 0.013831250018372517,
      "p25": 0.13120769609301258,
      "p50": 0.3424534660844401,
      "p75": 0.7771533334855901,
      "p90": 1.4416280941039925,
      "min": -0.1621817835466165,
      "max": 5.9991338353068855,
      "n": 249
    },
    "excess_dump_severity": {
      "mean": -0.16494978586283285,
      "std": 0.16516608081945322,
      "p10": -0.4133295484302288,
      "p25": -0.23115469079068016,
      "p50": -0.1357348111181233,
      "p75": -0.03352892172910189,
      "p90": 0.0,
      "min": -0.9289547764177719,
      "max": 0.06026346551003542,
      "n": 249
    }
  },
  "tickers_included": [
    "A1CAP",
    "ADEL",
    "ADESE",
    "AGYO",
    "AHGAZ",
    "AKENR",
    "AKFYE",
    "AKYHO",
    "ALBRK",
    "ALKLC",
    "ANELE",
    "ANHYT",
    "ARSAN",
    "ATSYH",
    "AVGYO",
    "AVHOL",
    "AVOD",
    "AVTUR",
    "AZTEK",
    "BAKAB",
    "BASGZ",
    "BEGYO",
    "BJKAS",
    "BMSCH",
    "BNTAS",
    "BURVA",
    "BVSAN",
    "CANTE",
    "CEMZY",
    "CEOEM",
    "CVKMD",
    "DAGI",
    "DAPGM",
    "DENGE",
    "DERIM",
    "DEVA",
    "DMSAS",
    "DOBUR",
    "DOGUB",
    "DZGYO",
    "EGEEN",
    "EGPRO",
    "EKSUN",
    "ENSRI",
    "ESCAR",
    "ETYAT",
    "EUKYO",
    "EUREN",
    "EUYO",
    "EYGYO",
    "FADE",
    "FMIZP",
    "FORMT",
    "FRIGO",
    "GEDZA",
    "GLBMD",
    "GLRYH",
    "GLYHO",
    "GRSEL",
    "HATEK",
    "HDFGS",
    "HEDEF",
    "HLGYO",
    "HURGZ",
    "IDGYO",
    "IHEVA",
    "IHGZT",
    "IMASM",
    "INFO",
    "INTEM",
    "IPEKE",
    "ISYAT",
    "IZFAS",
    "IZMDC",
    "JANTS",
    "KAPLM",
    "KAYSE",
    "KGYO",
    "KIMMR",
    "KLGYO",
    "KLMSN",
    "KONYA",
    "KOZAL",
    "KRGYO",
    "KRSTL",
    "KTLEV",
    "KUTPO",
    "KZBGY",
    "LIDFA",
    "MARKA",
    "MEPET",
    "METUR",
    "MOBTL",
    "MRGYO",
    "MTRKS",
    "NIBAS",
    "NTHOL",
    "NUGYO",
    "OBASE",
    "OYLUM",
    "OZATD",
    "OZGYO",
    "OZSUB",
    "PAMEL",
    "PCILT",
    "PEHOL",
    "PEKGY",
    "PENGD",
    "PKART",
    "PNSUT",
    "PRKAB",
    "PRKME",
    "PRZMA",
    "RALYH",
    "RAYSG",
    "RODRG",
    "RTALB",
    "SAFKR",
    "SAMAT",
    "SEGMN",
    "SEKUR",
    "SEYKM",
    "SILVR",
    "SKYLP",
    "SMRTG",
    "SNGYO",
    "SNICA",
    "SOKE",
    "SONME",
    "TATEN",
    "TATGD",
    "TDGYO",
    "TEHOL",
    "TEKTU",
    "TERA",
    "TMPOL",
    "TMSN",
    "TRALT",
    "TRILC",
    "TUCLK",
    "TUKAS",
    "TUREX",
    "ULAS",
    "USAK",
    "VAKFN",
    "VKFYO",
    "VKING",
    "YAPRK",
    "YAYLA"
  ],
  "failures": [
    {
      "ticker": "PEGYO",
      "baslangic": "2023-10-17",
      "reason": "API Error: TradingView error: ['cs_o0xixa6n3myg', "
    },
    {
      "ticker": "TUREX",
      "baslangic": "2021-01-15",
      "reason": "no_data"
    },
    {
      "ticker": "PIT",
      "baslangic": "2021-01-15",
      "reason": "API Error: TradingView error: ['cs_0pas4rs74y6g', "
    },
    {
      "ticker": "TDGYO",
      "baslangic": "2020-03-24",
      "reason": "pencere_kisa (7g)"
    },
    {
      "ticker": "ITTFH",
      "baslangic": "2022-05-12",
      "reason": "API Error: TradingView error: ['cs_4pylvq3cbuhl', "
    },
    {
      "ticker": "PLASP",
      "baslangic": "2019-07-06",
      "reason": "API Error: TradingView error: ['cs_5ptrv13ng5dr', "
    },
    {
      "ticker": "IZTAR",
      "baslangic": "2019-03-01",
      "reason": "API Error: TradingView error: ['cs_d5fuxk89lrju', "
    },
    {
      "ticker": "ITTFH",
      "baslangic": "2019-02-23",
      "reason": "API Error: TradingView error: ['cs_0nhmdwojx4g8', "
    },
    {
      "ticker": "PEGYO",
      "baslangic": "2020-06-17",
      "reason": "API Error: TradingView error: ['cs_u9y5ggcz64es', "
    },
    {
      "ticker": "PEGYO",